ID,NOMBRE,ACTIVO,SUPER_TIPO,TIPO,ISO_DIVIPOLA
2591,BELÉN DE BAJIRA,S,758,Municipio-Ciudad-ect,27086
2590,YAVARATÉ,S,778,Municipio-Ciudad-ect,97889
2589,PAPUNAHUA,S,778,Municipio-Ciudad-ect,97777
2588,PACOA,S,778,Municipio-Ciudad-ect,97511
2587,EL ROBLE,S,770,Municipio-Ciudad-ect,70233
2586,COVEÑAS,S,770,Municipio-Ciudad-ect,70221
2585,NARIÑO,S,764,Municipio-Ciudad-ect,52480
2584,EL PEÑOL,S,764,Municipio-Ciudad-ect,52254
2583,ZONA BANANERA,S,763,Municipio-Ciudad-ect,47980
2582,ZAPAYÁN,S,763,Municipio-Ciudad-ect,47960
2581,SANTA BÁRBARA DE PINTO,S,763,Municipio-Ciudad-ect,47720
2580,SABANAS DE SAN ÁNGEL,S,763,Municipio-Ciudad-ect,47660
2579,NUEVA GRANADA,S,763,Municipio-Ciudad-ect,47460
2578,CONCORDIA,S,763,Municipio-Ciudad-ect,47205
2577,ALGARROBO,S,763,Municipio-Ciudad-ect,47030
2576,LA JAGUA DEL PILAR,S,762,Municipio-Ciudad-ect,44420
2575,ALBANIA,S,762,Municipio-Ciudad-ect,44035
2574,SAN FELIPE,S,774,Municipio-Ciudad-ect,94883
2573,PUERTO COLOMBIA,S,774,Municipio-Ciudad-ect,94884
2572,PANA PANA,S,774,Municipio-Ciudad-ect,94887
2571,MORICHAL,S,774,Municipio-Ciudad-ect,94888
2570,MAPIRIPANA,S,774,Municipio-Ciudad-ect,94663
2569,LA GUADALUPE,S,774,Municipio-Ciudad-ect,94885
2568,CACAHUAL,S,774,Municipio-Ciudad-ect,94886
2567,BARRANCO MINAS,S,774,Municipio-Ciudad-ect,94343
2566,APULO,S,760,Municipio-Ciudad-ect,25599
2565,TUCHÍN,S,759,Municipio-Ciudad-ect,23815
2564,SAN JOSÉ DE URÉ,S,759,Municipio-Ciudad-ect,23682
2563,UNIÓN PANAMERICANA,S,758,Municipio-Ciudad-ect,27810
2562,RÍO QUITO,S,758,Municipio-Ciudad-ect,27600
2561,RÍO IRÓ,S,758,Municipio-Ciudad-ect,27580
2560,MEDIO SAN JUAN,S,758,Municipio-Ciudad-ect,27450
2559,MEDIO BAUDÓ,S,758,Municipio-Ciudad-ect,27430
2558,MEDIO ATRATO,S,758,Municipio-Ciudad-ect,27425
2557,CÉRTEGUI,S,758,Municipio-Ciudad-ect,27160
2556,CARMEN DEL DARIÉN,S,758,Municipio-Ciudad-ect,27150
2555,VILLA RICA,S,756,Municipio-Ciudad-ect,19845
2554,SUCRE,S,756,Municipio-Ciudad-ect,19785
2553,GUACHENÉ,S,756,Municipio-Ciudad-ect,19300
2552,NORCASIA,S,754,Municipio-Ciudad-ect,17495
2551,NOROSÍ,S,752,Municipio-Ciudad-ect,13490
2550,PUERTO RONDÓN,S,750,Municipio-Ciudad-ect,81591
2549,TARAPACÁ,S,748,Municipio-Ciudad-ect,91798
2548,PUERTO SANTANDER,S,748,Municipio-Ciudad-ect,91669
2547,PUERTO ARICA,S,748,Municipio-Ciudad-ect,91536
2546,PUERTO ALEGRÍA,S,748,Municipio-Ciudad-ect,91530
2545,MIRITÍ - PARANÁ,S,748,Municipio-Ciudad-ect,91460
2544,LA VICTORIA,S,748,Municipio-Ciudad-ect,91430
2543,LA PEDRERA,S,748,Municipio-Ciudad-ect,91407
2542,LA CHORRERA,S,748,Municipio-Ciudad-ect,91405
2541,EL ENCANTO,S,748,Municipio-Ciudad-ect,91263
2463,CUMARIBO,S,779,Municipio-Ciudad-ect,99773
2462,SANTA ROSALÍA,S,779,Municipio-Ciudad-ect,99624
2461,LA PRIMAVERA,S,779,Municipio-Ciudad-ect,99524
2460,PUERTO CARREÑO,S,779,Municipio-Ciudad-ect,99001
2459,TARAIRA,S,778,Municipio-Ciudad-ect,97666
2458,CARURÚ,S,778,Municipio-Ciudad-ect,97161
2457,MITÚ,S,778,Municipio-Ciudad-ect,97001
2456,SALENTO,S,777,Municipio-Ciudad-ect,63690
2455,QUIMBAYA,S,777,Municipio-Ciudad-ect,63594
2454,PIJAO,S,777,Municipio-Ciudad-ect,63548
2453,MONTENEGRO,S,777,Municipio-Ciudad-ect,63470
2452,LA TEBAIDA,S,777,Municipio-Ciudad-ect,63401
2451,GÉNOVA,S,777,Municipio-Ciudad-ect,63302
2450,FILANDIA,S,777,Municipio-Ciudad-ect,63272
2449,CÓRDOBA,S,777,Municipio-Ciudad-ect,63212
2448,CIRCASIA,S,777,Municipio-Ciudad-ect,63190
2447,CALARCÁ,S,777,Municipio-Ciudad-ect,63130
2446,BUENAVISTA,S,777,Municipio-Ciudad-ect,63111
2445,ARMENIA,S,777,Municipio-Ciudad-ect,63001
2444,VISTAHERMOSA,S,776,Municipio-Ciudad-ect,50711
2443,SAN MARTÍN,S,776,Municipio-Ciudad-ect,50689
2442,SAN JUANITO,S,776,Municipio-Ciudad-ect,50686
2441,SAN JUAN DE ARAMA,S,776,Municipio-Ciudad-ect,50683
2440,SAN CARLOS DE GUAROA,S,776,Municipio-Ciudad-ect,50680
2439,RESTREPO,S,776,Municipio-Ciudad-ect,50606
2438,PUERTO RICO,S,776,Municipio-Ciudad-ect,50590
2437,PUERTO LLERAS,S,776,Municipio-Ciudad-ect,50577
2436,PUERTO LÓPEZ,S,776,Municipio-Ciudad-ect,50573
2435,PUERTO GAITÁN,S,776,Municipio-Ciudad-ect,50568
2434,PUERTO CONCORDIA,S,776,Municipio-Ciudad-ect,50450
2433,LEJANÍAS,S,776,Municipio-Ciudad-ect,50400
2432,URIBE,S,776,Municipio-Ciudad-ect,50370
2431,LA MACARENA,S,776,Municipio-Ciudad-ect,50350
2430,MESETAS,S,776,Municipio-Ciudad-ect,50330
2429,MAPIRIPÁN,S,776,Municipio-Ciudad-ect,50325
2428,GUAMAL,S,776,Municipio-Ciudad-ect,50318
2427,GRANADA,S,776,Municipio-Ciudad-ect,50313
2426,FUENTE DE ORO,S,776,Municipio-Ciudad-ect,50287
2425,EL DORADO,S,776,Municipio-Ciudad-ect,50270
2424,EL CASTILLO,S,776,Municipio-Ciudad-ect,50251
2423,EL CALVARIO,S,776,Municipio-Ciudad-ect,50245
2422,CUMARAL,S,776,Municipio-Ciudad-ect,50226
2421,CUBARRAL,S,776,Municipio-Ciudad-ect,50223
2420,CASTILLA LA NUEVA,S,776,Municipio-Ciudad-ect,50150
2419,CABUYARO,S,776,Municipio-Ciudad-ect,50124
2418,BARRANCA DE UPÍA,S,776,Municipio-Ciudad-ect,50110
2417,ACACÍAS,S,776,Municipio-Ciudad-ect,50006
2416,VILLAVICENCIO,S,776,Municipio-Ciudad-ect,50001
2415,MIRAFLORES,S,775,Municipio-Ciudad-ect,95001
2414,EL RETORNO,S,775,Municipio-Ciudad-ect,95200
2413,CALAMAR,S,775,Municipio-Ciudad-ect,95025
2412,SAN JOSÉ DEL GUAVIARE,S,775,Municipio-Ciudad-ect,95015
2411,INÍRIDA,S,774,Municipio-Ciudad-ect,94001
2410,VALPARAÍSO,S,773,Municipio-Ciudad-ect,18860
2409,SOLITA,S,773,Municipio-Ciudad-ect,18785
2408,SOLANO,S,773,Municipio-Ciudad-ect,18756
2407,SAN VICENTE DEL CAGUÁN,S,773,Municipio-Ciudad-ect,18753
2406,SAN JOSÉ DEL FRAGUA,S,773,Municipio-Ciudad-ect,18610
2405,PUERTO RICO,S,773,Municipio-Ciudad-ect,18592
2404,MORELIA,S,773,Municipio-Ciudad-ect,18479
2403,MILÁN,S,773,Municipio-Ciudad-ect,18460
2402,LA MONTAÑITA,S,773,Municipio-Ciudad-ect,18410
2401,EL PAUJÍL,S,773,Municipio-Ciudad-ect,18256
2400,EL DONCELLO,S,773,Municipio-Ciudad-ect,18247
2399,CURILLO,S,773,Municipio-Ciudad-ect,18205
2398,CARTAGENA DEL CHAIRÁ,S,773,Municipio-Ciudad-ect,18150
2397,BELÉN DE LOS ANDAQUÍES,S,773,Municipio-Ciudad-ect,18094
2396,ALBANIA,S,773,Municipio-Ciudad-ect,18029
2395,FLORENCIA,S,773,Municipio-Ciudad-ect,18001
2394,ZARZAL,S,772,Municipio-Ciudad-ect,76895
2393,YUMBO,S,772,Municipio-Ciudad-ect,76892
2392,YOTOCO,S,772,Municipio-Ciudad-ect,76890
2391,VIJES,S,772,Municipio-Ciudad-ect,76869
2390,VERSALLES,S,772,Municipio-Ciudad-ect,76863
2389,ULLOA,S,772,Municipio-Ciudad-ect,76845
2388,TULUÁ,S,772,Municipio-Ciudad-ect,76834
2387,TRUJILLO,S,772,Municipio-Ciudad-ect,76828
2386,TORO,S,772,Municipio-Ciudad-ect,76823
2385,SEVILLA,S,772,Municipio-Ciudad-ect,76736
2384,SAN PEDRO,S,772,Municipio-Ciudad-ect,76670
2383,ROLDANILLO,S,772,Municipio-Ciudad-ect,76622
2382,RIOFRÍO,S,772,Municipio-Ciudad-ect,76616
2381,RESTREPO,S,772,Municipio-Ciudad-ect,76606
2380,PRADERA,S,772,Municipio-Ciudad-ect,76563
2379,PALMIRA,S,772,Municipio-Ciudad-ect,76520
2378,OBANDO,S,772,Municipio-Ciudad-ect,76497
2377,LA VICTORIA,S,772,Municipio-Ciudad-ect,76403
2376,LA UNIÓN,S,772,Municipio-Ciudad-ect,76400
2375,LA CUMBRE,S,772,Municipio-Ciudad-ect,76377
2374,JAMUNDÍ,S,772,Municipio-Ciudad-ect,76364
2373,GUACARÍ,S,772,Municipio-Ciudad-ect,76318
2372,GINEBRA,S,772,Municipio-Ciudad-ect,76306
2371,FLORIDA,S,772,Municipio-Ciudad-ect,76275
2370,EL DOVIO,S,772,Municipio-Ciudad-ect,76250
2369,EL CERRITO,S,772,Municipio-Ciudad-ect,76248
2368,EL CAIRO,S,772,Municipio-Ciudad-ect,76246
2367,EL ÁGUILA,S,772,Municipio-Ciudad-ect,76243
2366,DAGUA,S,772,Municipio-Ciudad-ect,76233
2365,CARTAGO,S,772,Municipio-Ciudad-ect,76147
2364,CANDELARIA,S,772,Municipio-Ciudad-ect,76130
2363,CALIMA,S,772,Municipio-Ciudad-ect,76126
2362,CAICEDONIA,S,772,Municipio-Ciudad-ect,76122
2361,BUGALAGRANDE,S,772,Municipio-Ciudad-ect,76113
2360,GUADALAJARA DE BUGA,S,772,Municipio-Ciudad-ect,76111
2359,BUENAVENTURA,S,772,Municipio-Ciudad-ect,76109
2358,BOLÍVAR,S,772,Municipio-Ciudad-ect,76100
2357,ARGELIA,S,772,Municipio-Ciudad-ect,76054
2356,ANSERMANUEVO,S,772,Municipio-Ciudad-ect,76041
2355,ANDALUCÍA,S,772,Municipio-Ciudad-ect,76036
2354,ALCALÁ,S,772,Municipio-Ciudad-ect,76020
2353,CALI,S,772,Municipio-Ciudad-ect,76001
2352,VILLARRICA,S,771,Municipio-Ciudad-ect,73873
2351,VILLAHERMOSA,S,771,Municipio-Ciudad-ect,73870
2350,VENADILLO,S,771,Municipio-Ciudad-ect,73861
2349,VALLE DE SAN JUAN,S,771,Municipio-Ciudad-ect,73854
2348,SUÁREZ,S,771,Municipio-Ciudad-ect,73770
2347,SANTA ISABEL,S,771,Municipio-Ciudad-ect,73686
2346,SAN LUIS,S,771,Municipio-Ciudad-ect,73678
2345,SAN ANTONIO,S,771,Municipio-Ciudad-ect,73675
2344,SALDAÑA,S,771,Municipio-Ciudad-ect,73671
2343,ROVIRA,S,771,Municipio-Ciudad-ect,73624
2342,RONCESVALLES,S,771,Municipio-Ciudad-ect,73622
2341,RIOBLANCO,S,771,Municipio-Ciudad-ect,73616
2340,PURIFICACIÓN,S,771,Municipio-Ciudad-ect,73585
2339,PRADO,S,771,Municipio-Ciudad-ect,73563
2338,PLANADAS,S,771,Municipio-Ciudad-ect,73555
2337,PIEDRAS,S,771,Municipio-Ciudad-ect,73547
2336,PALOCABILDO,S,771,Municipio-Ciudad-ect,73520
2335,ORTEGA,S,771,Municipio-Ciudad-ect,73504
2334,NATAGAIMA,S,771,Municipio-Ciudad-ect,73483
2333,MURILLO,S,771,Municipio-Ciudad-ect,73461
2332,MELGAR,S,771,Municipio-Ciudad-ect,73449
2331,SAN SEBASTIÁN DE MARIQUITA,S,771,Municipio-Ciudad-ect,73443
2330,LÍBANO,S,771,Municipio-Ciudad-ect,73411
2329,LÉRIDA,S,771,Municipio-Ciudad-ect,73408
2328,ICONONZO,S,771,Municipio-Ciudad-ect,73352
2327,HONDA,S,771,Municipio-Ciudad-ect,73349
2326,HERVEO,S,771,Municipio-Ciudad-ect,73347
2325,GUAMO,S,771,Municipio-Ciudad-ect,73319
2324,FRESNO,S,771,Municipio-Ciudad-ect,73283
2323,FLANDES,S,771,Municipio-Ciudad-ect,73275
2322,FALAN,S,771,Municipio-Ciudad-ect,73270
2321,ESPINAL,S,771,Municipio-Ciudad-ect,73268
2320,DOLORES,S,771,Municipio-Ciudad-ect,73236
2319,CUNDAY,S,771,Municipio-Ciudad-ect,73226
2318,COYAIMA,S,771,Municipio-Ciudad-ect,73217
2317,COELLO,S,771,Municipio-Ciudad-ect,73200
2316,CHAPARRAL,S,771,Municipio-Ciudad-ect,73168
2315,CASABIANCA,S,771,Municipio-Ciudad-ect,73152
2314,CARMEN DE APICALÁ,S,771,Municipio-Ciudad-ect,73148
2313,CAJAMARCA,S,771,Municipio-Ciudad-ect,73124
2312,ATACO,S,771,Municipio-Ciudad-ect,73067
2311,ARMERO,S,771,Municipio-Ciudad-ect,73055
2310,ANZOÁTEGUI,S,771,Municipio-Ciudad-ect,73043
2309,AMBALEMA,S,771,Municipio-Ciudad-ect,73030
2308,ALVARADO,S,771,Municipio-Ciudad-ect,73026
2307,ALPUJARRA,S,771,Municipio-Ciudad-ect,73024
2306,IBAGUÉ,S,771,Municipio-Ciudad-ect,73001
2305,TOLÚ VIEJO,S,770,Municipio-Ciudad-ect,70823
2304,SANTIAGO DE TOLÚ,S,770,Municipio-Ciudad-ect,70820
2303,SUCRE,S,770,Municipio-Ciudad-ect,70771
2302,SAN LUIS DE SINCÉ,S,770,Municipio-Ciudad-ect,70742
2301,SAN PEDRO,S,770,Municipio-Ciudad-ect,70717
2300,SAN ONOFRE,S,770,Municipio-Ciudad-ect,70713
2299,SAN MARCOS,S,770,Municipio-Ciudad-ect,70708
2298,SAN JUAN DE BETULIA,S,770,Municipio-Ciudad-ect,70702
2297,SAN BENITO ABAD,S,770,Municipio-Ciudad-ect,70678
2296,SAMPUÉS,S,770,Municipio-Ciudad-ect,70670
2295,PALMITO,S,770,Municipio-Ciudad-ect,70523
2294,OVEJAS,S,770,Municipio-Ciudad-ect,70508
2293,MORROA,S,770,Municipio-Ciudad-ect,70473
2292,MAJAGUAL,S,770,Municipio-Ciudad-ect,70429
2291,LOS PALMITOS,S,770,Municipio-Ciudad-ect,70418
2290,LA UNIÓN,S,770,Municipio-Ciudad-ect,70400
2289,GUARANDA,S,770,Municipio-Ciudad-ect,70265
2288,GALERAS,S,770,Municipio-Ciudad-ect,70235
2287,CHALÁN,S,770,Municipio-Ciudad-ect,70230
2286,COROZAL,S,770,Municipio-Ciudad-ect,70215
2285,COLOSÓ,S,770,Municipio-Ciudad-ect,70204
2284,CAIMITO,S,770,Municipio-Ciudad-ect,70124
2283,BUENAVISTA,S,770,Municipio-Ciudad-ect,70110
2282,SINCELEJO,S,770,Municipio-Ciudad-ect,70001
2281,ZAPATOCA,S,769,Municipio-Ciudad-ect,68895
2280,VILLANUEVA,S,769,Municipio-Ciudad-ect,68872
2279,VETAS,S,769,Municipio-Ciudad-ect,68867
2278,VÉLEZ,S,769,Municipio-Ciudad-ect,68861
2277,VALLE DE SAN JOSÉ,S,769,Municipio-Ciudad-ect,68855
2276,TONA,S,769,Municipio-Ciudad-ect,68820
2275,SURATÁ,S,769,Municipio-Ciudad-ect,68780
2274,SUCRE,S,769,Municipio-Ciudad-ect,68773
2273,SUAITA,S,769,Municipio-Ciudad-ect,68770
2272,SOCORRO,S,769,Municipio-Ciudad-ect,68755
2271,SIMACOTA,S,769,Municipio-Ciudad-ect,68745
2270,SANTA HELENA DEL OPÓN,S,769,Municipio-Ciudad-ect,68720
2269,SANTA BÁRBARA,S,769,Municipio-Ciudad-ect,68705
2268,SAN VICENTE DE CHUCURÍ,S,769,Municipio-Ciudad-ect,68689
2267,SAN MIGUEL,S,769,Municipio-Ciudad-ect,68686
2266,SAN JOSÉ DE MIRANDA,S,769,Municipio-Ciudad-ect,68684
2265,SAN JOAQUÍN,S,769,Municipio-Ciudad-ect,68682
2264,SAN GIL,S,769,Municipio-Ciudad-ect,68679
2263,SAN BENITO,S,769,Municipio-Ciudad-ect,68673
2262,SAN ANDRÉS,S,769,Municipio-Ciudad-ect,68669
2261,SABANA DE TORRES,S,769,Municipio-Ciudad-ect,68655
2260,RIONEGRO,S,769,Municipio-Ciudad-ect,68615
2259,PUERTO WILCHES,S,769,Municipio-Ciudad-ect,68575
2258,PUERTO PARRA,S,769,Municipio-Ciudad-ect,68573
2257,PUENTE NACIONAL,S,769,Municipio-Ciudad-ect,68572
2256,PINCHOTE,S,769,Municipio-Ciudad-ect,68549
2255,PIEDECUESTA,S,769,Municipio-Ciudad-ect,68547
2254,PÁRAMO,S,769,Municipio-Ciudad-ect,68533
2253,PALMAS DEL SOCORRO,S,769,Municipio-Ciudad-ect,68524
2252,PALMAR,S,769,Municipio-Ciudad-ect,68522
2251,ONZAGA,S,769,Municipio-Ciudad-ect,68502
2250,OIBA,S,769,Municipio-Ciudad-ect,68500
2249,OCAMONTE,S,769,Municipio-Ciudad-ect,68498
2248,MOLAGAVITA,S,769,Municipio-Ciudad-ect,68468
2247,MOGOTES,S,769,Municipio-Ciudad-ect,68464
2246,MATANZA,S,769,Municipio-Ciudad-ect,68444
2245,MÁLAGA,S,769,Municipio-Ciudad-ect,68432
2244,MACARAVITA,S,769,Municipio-Ciudad-ect,68425
2243,LOS SANTOS,S,769,Municipio-Ciudad-ect,68418
2242,LEBRIJA,S,769,Municipio-Ciudad-ect,68406
2241,LA PAZ,S,769,Municipio-Ciudad-ect,68397
2240,LANDÁZURI,S,769,Municipio-Ciudad-ect,68385
2239,LA BELLEZA,S,769,Municipio-Ciudad-ect,68377
2238,JORDÁN,S,769,Municipio-Ciudad-ect,68370
2237,JESÚS MARÍA,S,769,Municipio-Ciudad-ect,68368
2236,HATO,S,769,Municipio-Ciudad-ect,68344
2235,GÜEPSA,S,769,Municipio-Ciudad-ect,68327
2234,GUAVATÁ,S,769,Municipio-Ciudad-ect,68324
2233,GUAPOTÁ,S,769,Municipio-Ciudad-ect,68322
2232,GUADALUPE,S,769,Municipio-Ciudad-ect,68320
2231,GUACA,S,769,Municipio-Ciudad-ect,68318
2230,GIRÓN,S,769,Municipio-Ciudad-ect,68307
2229,GÁMBITA,S,769,Municipio-Ciudad-ect,68298
2228,GALÁN,S,769,Municipio-Ciudad-ect,68296
2227,FLORIDABLANCA,S,769,Municipio-Ciudad-ect,68276
2226,FLORIÁN,S,769,Municipio-Ciudad-ect,68271
2225,ENCISO,S,769,Municipio-Ciudad-ect,68266
2224,ENCINO,S,769,Municipio-Ciudad-ect,68264
2223,EL PLAYÓN,S,769,Municipio-Ciudad-ect,68255
2222,EL PEÑÓN,S,769,Municipio-Ciudad-ect,68250
2221,EL GUACAMAYO,S,769,Municipio-Ciudad-ect,68245
2220,EL CARMEN DE CHUCURÍ,S,769,Municipio-Ciudad-ect,68235
2219,CURITÍ,S,769,Municipio-Ciudad-ect,68229
2218,COROMORO,S,769,Municipio-Ciudad-ect,68217
2217,CONTRATACIÓN,S,769,Municipio-Ciudad-ect,68211
2216,CONFINES,S,769,Municipio-Ciudad-ect,68209
2215,CONCEPCIÓN,S,769,Municipio-Ciudad-ect,68207
2214,CIMITARRA,S,769,Municipio-Ciudad-ect,68190
2213,CHIPATÁ,S,769,Municipio-Ciudad-ect,68179
2212,CHIMA,S,769,Municipio-Ciudad-ect,68176
2211,CHARTA,S,769,Municipio-Ciudad-ect,68169
2210,CHARALÁ,S,769,Municipio-Ciudad-ect,68167
2209,CERRITO,S,769,Municipio-Ciudad-ect,68162
2208,CEPITÁ,S,769,Municipio-Ciudad-ect,68160
2207,CARCASÍ,S,769,Municipio-Ciudad-ect,68152
2206,CAPITANEJO,S,769,Municipio-Ciudad-ect,68147
2205,CALIFORNIA,S,769,Municipio-Ciudad-ect,68132
2204,CABRERA,S,769,Municipio-Ciudad-ect,68121
2203,BOLÍVAR,S,769,Municipio-Ciudad-ect,68101
2202,BETULIA,S,769,Municipio-Ciudad-ect,68092
2201,BARRANCABERMEJA,S,769,Municipio-Ciudad-ect,68081
2200,BARICHARA,S,769,Municipio-Ciudad-ect,68079
2199,BARBOSA,S,769,Municipio-Ciudad-ect,68077
2198,ARATOCA,S,769,Municipio-Ciudad-ect,68051
2197,ALBANIA,S,769,Municipio-Ciudad-ect,68020
2196,AGUADA,S,769,Municipio-Ciudad-ect,68013
2195,BUCARAMANGA,S,769,Municipio-Ciudad-ect,68001
2194,PROVIDENCIA,S,768,Municipio-Ciudad-ect,88564
2193,SAN ANDRÉS,S,768,Municipio-Ciudad-ect,88001
2192,SANTUARIO,S,767,Municipio-Ciudad-ect,66687
2191,SANTA ROSA DE CABAL,S,767,Municipio-Ciudad-ect,66682
2190,QUINCHÍA,S,767,Municipio-Ciudad-ect,66594
2189,PUEBLO RICO,S,767,Municipio-Ciudad-ect,66572
2188,MISTRATÓ,S,767,Municipio-Ciudad-ect,66456
2187,MARSELLA,S,767,Municipio-Ciudad-ect,66440
2186,LA VIRGINIA,S,767,Municipio-Ciudad-ect,66400
2185,LA CELIA,S,767,Municipio-Ciudad-ect,66383
2184,GUÁTICA,S,767,Municipio-Ciudad-ect,66318
2183,DOSQUEBRADAS,S,767,Municipio-Ciudad-ect,66170
2182,BELÉN DE UMBRÍA,S,767,Municipio-Ciudad-ect,66088
2181,BALBOA,S,767,Municipio-Ciudad-ect,66075
2180,APÍA,S,767,Municipio-Ciudad-ect,66045
2179,PEREIRA,S,767,Municipio-Ciudad-ect,66001
2178,VILLAGARZÓN,S,766,Municipio-Ciudad-ect,86885
2177,VALLE DEL GUAMUEZ,S,766,Municipio-Ciudad-ect,86865
2176,SANTIAGO,S,766,Municipio-Ciudad-ect,86760
2175,SAN MIGUEL,S,766,Municipio-Ciudad-ect,86757
2174,SAN FRANCISCO,S,766,Municipio-Ciudad-ect,86755
2173,SIBUNDOY,S,766,Municipio-Ciudad-ect,86749
2172,PUERTO LEGUÍZAMO,S,766,Municipio-Ciudad-ect,86573
2171,PUERTO GUZMÁN,S,766,Municipio-Ciudad-ect,86571
2170,PUERTO CAICEDO,S,766,Municipio-Ciudad-ect,86569
2169,PUERTO ASÍS,S,766,Municipio-Ciudad-ect,86568
2168,ORITO,S,766,Municipio-Ciudad-ect,86320
2167,COLÓN,S,766,Municipio-Ciudad-ect,86219
2166,MOCOA,S,766,Municipio-Ciudad-ect,86001
2165,VILLA DEL ROSARIO,S,765,Municipio-Ciudad-ect,54874
2164,VILLA CARO,S,765,Municipio-Ciudad-ect,54871
2163,TOLEDO,S,765,Municipio-Ciudad-ect,54820
2162,TIBÚ,S,765,Municipio-Ciudad-ect,54810
2161,TEORAMA,S,765,Municipio-Ciudad-ect,54800
2160,SILOS,S,765,Municipio-Ciudad-ect,54743
2159,SARDINATA,S,765,Municipio-Ciudad-ect,54720
2158,SANTIAGO,S,765,Municipio-Ciudad-ect,54680
2157,SAN CAYETANO,S,765,Municipio-Ciudad-ect,54673
2156,SAN CALIXTO,S,765,Municipio-Ciudad-ect,54670
2155,SALAZAR,S,765,Municipio-Ciudad-ect,54660
2154,RAGONVALIA,S,765,Municipio-Ciudad-ect,54599
2153,PUERTO SANTANDER,S,765,Municipio-Ciudad-ect,54553
2152,PAMPLONITA,S,765,Municipio-Ciudad-ect,54520
2151,PAMPLONA,S,765,Municipio-Ciudad-ect,54518
2150,OCAÑA,S,765,Municipio-Ciudad-ect,54498
2149,MUTISCUA,S,765,Municipio-Ciudad-ect,54480
2148,LOURDES,S,765,Municipio-Ciudad-ect,54418
2147,LOS PATIOS,S,765,Municipio-Ciudad-ect,54405
2146,LA PLAYA,S,765,Municipio-Ciudad-ect,54398
2145,LA ESPERANZA,S,765,Municipio-Ciudad-ect,54385
2144,LABATECA,S,765,Municipio-Ciudad-ect,54377
2143,HERRÁN,S,765,Municipio-Ciudad-ect,54347
2142,HACARÍ,S,765,Municipio-Ciudad-ect,54344
2141,GRAMALOTE,S,765,Municipio-Ciudad-ect,54313
2140,EL ZULIA,S,765,Municipio-Ciudad-ect,54261
2139,EL TARRA,S,765,Municipio-Ciudad-ect,54250
2138,EL CARMEN,S,765,Municipio-Ciudad-ect,54245
2137,DURANIA,S,765,Municipio-Ciudad-ect,54239
2136,CUCUTILLA,S,765,Municipio-Ciudad-ect,54223
2135,CONVENCIÓN,S,765,Municipio-Ciudad-ect,54206
2134,CHITAGÁ,S,765,Municipio-Ciudad-ect,54174
2133,CHINÁCOTA,S,765,Municipio-Ciudad-ect,54172
2132,CÁCHIRA,S,765,Municipio-Ciudad-ect,54128
2131,CÁCOTA,S,765,Municipio-Ciudad-ect,54125
2130,BUCARASICA,S,765,Municipio-Ciudad-ect,54109
2129,BOCHALEMA,S,765,Municipio-Ciudad-ect,54099
2128,ARBOLEDAS,S,765,Municipio-Ciudad-ect,54051
2127,ÁBREGO,S,765,Municipio-Ciudad-ect,54003
2126,SAN JOSÉ DE CÚCUTA,S,765,Municipio-Ciudad-ect,54001
2125,YACUANQUER,S,764,Municipio-Ciudad-ect,52885
2124,TÚQUERRES,S,764,Municipio-Ciudad-ect,52838
2123,SAN ANDRÉS DE TUMACO,S,764,Municipio-Ciudad-ect,52835
2122,TANGUA,S,764,Municipio-Ciudad-ect,52788
2121,TAMINANGO,S,764,Municipio-Ciudad-ect,52786
2120,SAPUYES,S,764,Municipio-Ciudad-ect,52720
2119,SANTACRUZ,S,764,Municipio-Ciudad-ect,52699
2118,SANTA BÁRBARA,S,764,Municipio-Ciudad-ect,52696
2117,SAN PEDRO DE CARTAGO,S,764,Municipio-Ciudad-ect,52694
2116,SAN PABLO,S,764,Municipio-Ciudad-ect,52693
2115,SAN LORENZO,S,764,Municipio-Ciudad-ect,52687
2114,SAN BERNARDO,S,764,Municipio-Ciudad-ect,52685
2113,SANDONÁ,S,764,Municipio-Ciudad-ect,52683
2112,SAMANIEGO,S,764,Municipio-Ciudad-ect,52678
2111,ROBERTO PAYÁN,S,764,Municipio-Ciudad-ect,52621
2110,RICAURTE,S,764,Municipio-Ciudad-ect,52612
2109,PUPIALES,S,764,Municipio-Ciudad-ect,52585
2108,PUERRES,S,764,Municipio-Ciudad-ect,52573
2107,PROVIDENCIA,S,764,Municipio-Ciudad-ect,52565
2106,POTOSÍ,S,764,Municipio-Ciudad-ect,52560
2105,POLICARPA,S,764,Municipio-Ciudad-ect,52540
2104,FRANCISCO PIZARRO,S,764,Municipio-Ciudad-ect,52520
2103,OSPINA,S,764,Municipio-Ciudad-ect,52506
2102,OLAYA HERRERA,S,764,Municipio-Ciudad-ect,52490
2101,MOSQUERA,S,764,Municipio-Ciudad-ect,52473
2100,MALLAMA,S,764,Municipio-Ciudad-ect,52435
2099,MAGÜÍ,S,764,Municipio-Ciudad-ect,52427
2098,LOS ANDES,S,764,Municipio-Ciudad-ect,52418
2097,LINARES,S,764,Municipio-Ciudad-ect,52411
2096,LEIVA,S,764,Municipio-Ciudad-ect,52405
2095,LA UNIÓN,S,764,Municipio-Ciudad-ect,52399
2094,LA TOLA,S,764,Municipio-Ciudad-ect,52390
2093,LA LLANADA,S,764,Municipio-Ciudad-ect,52385
2092,LA FLORIDA,S,764,Municipio-Ciudad-ect,52381
2091,LA CRUZ,S,764,Municipio-Ciudad-ect,52378
2090,IPIALES,S,764,Municipio-Ciudad-ect,52356
2089,IMUÉS,S,764,Municipio-Ciudad-ect,52354
2088,ILES,S,764,Municipio-Ciudad-ect,52352
2087,GUALMATÁN,S,764,Municipio-Ciudad-ect,52323
2086,GUAITARILLA,S,764,Municipio-Ciudad-ect,52320
2085,GUACHUCAL,S,764,Municipio-Ciudad-ect,52317
2084,FUNES,S,764,Municipio-Ciudad-ect,52287
2083,EL TAMBO,S,764,Municipio-Ciudad-ect,52260
2082,EL TABLÓN DE GÓMEZ,S,764,Municipio-Ciudad-ect,52258
2081,EL ROSARIO,S,764,Municipio-Ciudad-ect,52256
2080,EL CHARCO,S,764,Municipio-Ciudad-ect,52250
2079,CHACHAGÜÍ,S,764,Municipio-Ciudad-ect,52240
2078,CUMBITARA,S,764,Municipio-Ciudad-ect,52233
2077,CUMBAL,S,764,Municipio-Ciudad-ect,52227
2076,CUASPÚD,S,764,Municipio-Ciudad-ect,52224
2075,CÓRDOBA,S,764,Municipio-Ciudad-ect,52215
2074,CONTADERO,S,764,Municipio-Ciudad-ect,52210
2073,CONSACÁ,S,764,Municipio-Ciudad-ect,52207
2072,COLÓN,S,764,Municipio-Ciudad-ect,52203
2071,BUESACO,S,764,Municipio-Ciudad-ect,52110
2070,BELÉN,S,764,Municipio-Ciudad-ect,52083
2069,BARBACOAS,S,764,Municipio-Ciudad-ect,52079
2068,ARBOLEDA,S,764,Municipio-Ciudad-ect,52051
2067,ANCUYÁ,S,764,Municipio-Ciudad-ect,52036
2066,ALDANA,S,764,Municipio-Ciudad-ect,52022
2065,ALBÁN,S,764,Municipio-Ciudad-ect,52019
2064,PASTO,S,764,Municipio-Ciudad-ect,52001
2063,TENERIFE,S,763,Municipio-Ciudad-ect,47798
2062,SITIONUEVO,S,763,Municipio-Ciudad-ect,47745
2061,SANTA ANA,S,763,Municipio-Ciudad-ect,47707
2060,SAN ZENÓN,S,763,Municipio-Ciudad-ect,47703
2059,SAN SEBASTIÁN DE BUENAVISTA,S,763,Municipio-Ciudad-ect,47692
2058,SALAMINA,S,763,Municipio-Ciudad-ect,47675
2057,REMOLINO,S,763,Municipio-Ciudad-ect,47605
2056,PUEBLOVIEJO,S,763,Municipio-Ciudad-ect,47570
2055,PLATO,S,763,Municipio-Ciudad-ect,47555
2054,PIVIJAY,S,763,Municipio-Ciudad-ect,47551
2053,PIJIÑO DEL CARMEN,S,763,Municipio-Ciudad-ect,47545
2052,PEDRAZA,S,763,Municipio-Ciudad-ect,47541
2051,GUAMAL,S,763,Municipio-Ciudad-ect,47318
2050,FUNDACIÓN,S,763,Municipio-Ciudad-ect,47288
2049,EL RETÉN,S,763,Municipio-Ciudad-ect,47268
2048,EL PIÑÓN,S,763,Municipio-Ciudad-ect,47258
2047,EL BANCO,S,763,Municipio-Ciudad-ect,47245
2046,CIÉNAGA,S,763,Municipio-Ciudad-ect,47189
2045,CHIVOLO,S,763,Municipio-Ciudad-ect,47170
2044,CERRO DE SAN ANTONIO,S,763,Municipio-Ciudad-ect,47161
2043,ARIGUANÍ,S,763,Municipio-Ciudad-ect,47058
2042,ARACATACA,S,763,Municipio-Ciudad-ect,47053
2041,SANTA MARTA,S,763,Municipio-Ciudad-ect,47001
2040,VILLANUEVA,S,762,Municipio-Ciudad-ect,44874
2039,URUMITA,S,762,Municipio-Ciudad-ect,44855
2038,URIBIA,S,762,Municipio-Ciudad-ect,44847
2037,SAN JUAN DEL CESAR,S,762,Municipio-Ciudad-ect,44650
2036,MANAURE,S,762,Municipio-Ciudad-ect,44560
2035,MAICAO,S,762,Municipio-Ciudad-ect,44430
2034,HATONUEVO,S,762,Municipio-Ciudad-ect,44378
2033,FONSECA,S,762,Municipio-Ciudad-ect,44279
2032,EL MOLINO,S,762,Municipio-Ciudad-ect,44110
2031,DISTRACCIÓN,S,762,Municipio-Ciudad-ect,44098
2030,DIBULLA,S,762,Municipio-Ciudad-ect,44090
2029,BARRANCAS,S,762,Municipio-Ciudad-ect,44078
2028,RIOHACHA,S,762,Municipio-Ciudad-ect,44001
2027,YAGUARÁ,S,761,Municipio-Ciudad-ect,41885
2026,VILLAVIEJA,S,761,Municipio-Ciudad-ect,41872
2025,TIMANÁ,S,761,Municipio-Ciudad-ect,41807
2024,TERUEL,S,761,Municipio-Ciudad-ect,41801
2023,TELLO,S,761,Municipio-Ciudad-ect,41799
2022,TESALIA,S,761,Municipio-Ciudad-ect,41797
2021,TARQUI,S,761,Municipio-Ciudad-ect,41791
2020,SUAZA,S,761,Municipio-Ciudad-ect,41770
2019,SANTA MARÍA,S,761,Municipio-Ciudad-ect,41676
2018,SAN AGUSTÍN,S,761,Municipio-Ciudad-ect,41668
2017,SALADOBLANCO,S,761,Municipio-Ciudad-ect,41660
2016,RIVERA,S,761,Municipio-Ciudad-ect,41615
2015,PITALITO,S,761,Municipio-Ciudad-ect,41551
2014,PITAL,S,761,Municipio-Ciudad-ect,41548
2013,PALESTINA,S,761,Municipio-Ciudad-ect,41530
2012,PALERMO,S,761,Municipio-Ciudad-ect,41524
2011,PAICOL,S,761,Municipio-Ciudad-ect,41518
2010,OPORAPA,S,761,Municipio-Ciudad-ect,41503
2009,NÁTAGA,S,761,Municipio-Ciudad-ect,41483
2008,LA PLATA,S,761,Municipio-Ciudad-ect,41396
2007,LA ARGENTINA,S,761,Municipio-Ciudad-ect,41378
2006,ISNOS,S,761,Municipio-Ciudad-ect,41359
2005,ÍQUIRA,S,761,Municipio-Ciudad-ect,41357
2004,HOBO,S,761,Municipio-Ciudad-ect,41349
2003,GUADALUPE,S,761,Municipio-Ciudad-ect,41319
2002,GIGANTE,S,761,Municipio-Ciudad-ect,41306
2001,GARZÓN,S,761,Municipio-Ciudad-ect,41298
2000,ELÍAS,S,761,Municipio-Ciudad-ect,41244
1999,COLOMBIA,S,761,Municipio-Ciudad-ect,41206
1998,CAMPOALEGRE,S,761,Municipio-Ciudad-ect,41132
1997,BARAYA,S,761,Municipio-Ciudad-ect,41078
1996,ALTAMIRA,S,761,Municipio-Ciudad-ect,41026
1995,ALGECIRAS,S,761,Municipio-Ciudad-ect,41020
1994,AIPE,S,761,Municipio-Ciudad-ect,41016
1993,AGRADO,S,761,Municipio-Ciudad-ect,41013
1992,ACEVEDO,S,761,Municipio-Ciudad-ect,41006
1991,NEIVA,S,761,Municipio-Ciudad-ect,41001
1990,ZIPAQUIRÁ,S,760,Municipio-Ciudad-ect,25899
1989,ZIPACÓN,S,760,Municipio-Ciudad-ect,25898
1988,YACOPÍ,S,760,Municipio-Ciudad-ect,25885
1987,VIOTÁ,S,760,Municipio-Ciudad-ect,25878
1986,VILLETA,S,760,Municipio-Ciudad-ect,25875
1985,VILLAPINZÓN,S,760,Municipio-Ciudad-ect,25873
1984,VILLAGÓMEZ,S,760,Municipio-Ciudad-ect,25871
1983,VIANÍ,S,760,Municipio-Ciudad-ect,25867
1982,VERGARA,S,760,Municipio-Ciudad-ect,25862
1981,ÚTICA,S,760,Municipio-Ciudad-ect,25851
1980,UNE,S,760,Municipio-Ciudad-ect,25845
1979,VILLA DE SAN DIEGO DE UBATÉ,S,760,Municipio-Ciudad-ect,25843
1978,UBAQUE,S,760,Municipio-Ciudad-ect,25841
1977,UBALÁ,S,760,Municipio-Ciudad-ect,25839
1976,TOPAIPÍ,S,760,Municipio-Ciudad-ect,25823
1974,TOCANCIPÁ,S,760,Municipio-Ciudad-ect,25817
1973,TOCAIMA,S,760,Municipio-Ciudad-ect,25815
1972,TIBIRITA,S,760,Municipio-Ciudad-ect,25807
1971,TIBACUY,S,760,Municipio-Ciudad-ect,25805
1970,TENJO,S,760,Municipio-Ciudad-ect,25799
1969,TENA,S,760,Municipio-Ciudad-ect,25797
1968,TAUSA,S,760,Municipio-Ciudad-ect,25793
1967,TABIO,S,760,Municipio-Ciudad-ect,25785
1966,SUTATAUSA,S,760,Municipio-Ciudad-ect,25781
1965,SUSA,S,760,Municipio-Ciudad-ect,25779
1964,SUPATÁ,S,760,Municipio-Ciudad-ect,25777
1963,SUESCA,S,760,Municipio-Ciudad-ect,25772
1962,SUBACHOQUE,S,760,Municipio-Ciudad-ect,25769
1961,SOPÓ,S,760,Municipio-Ciudad-ect,25758
1960,SOACHA,S,760,Municipio-Ciudad-ect,25754
1959,SIMIJACA,S,760,Municipio-Ciudad-ect,25745
1958,SILVANIA,S,760,Municipio-Ciudad-ect,25743
1957,SIBATÉ,S,760,Municipio-Ciudad-ect,25740
1956,SESQUILÉ,S,760,Municipio-Ciudad-ect,25736
1955,SASAIMA,S,760,Municipio-Ciudad-ect,25718
1954,SAN JUAN DE RIOSECO,S,760,Municipio-Ciudad-ect,25662
1953,SAN FRANCISCO,S,760,Municipio-Ciudad-ect,25658
1952,SAN CAYETANO,S,760,Municipio-Ciudad-ect,25653
1951,SAN BERNARDO,S,760,Municipio-Ciudad-ect,25649
1950,SAN ANTONIO DEL TEQUENDAMA,S,760,Municipio-Ciudad-ect,25645
1949,RICAURTE,S,760,Municipio-Ciudad-ect,25612
1948,RAFAEL,N,760,Municipio-Ciudad-ect,999
1947,QUIPILE,S,760,Municipio-Ciudad-ect,25596
1946,QUETAME,S,760,Municipio-Ciudad-ect,25594
1945,QUEBRADANEGRA,S,760,Municipio-Ciudad-ect,25592
1944,PULÍ,S,760,Municipio-Ciudad-ect,25580
1943,PUERTO SALGAR,S,760,Municipio-Ciudad-ect,25572
1942,PASCA,S,760,Municipio-Ciudad-ect,25535
1941,PARATEBUENO,S,760,Municipio-Ciudad-ect,25530
1940,PANDI,S,760,Municipio-Ciudad-ect,25524
1939,PAIME,S,760,Municipio-Ciudad-ect,25518
1938,PACHO,S,760,Municipio-Ciudad-ect,25513
1937,VENECIA,S,760,Municipio-Ciudad-ect,25506
1936,NOCAIMA,S,760,Municipio-Ciudad-ect,25491
1935,NIMAIMA,S,760,Municipio-Ciudad-ect,25489
1934,NILO,S,760,Municipio-Ciudad-ect,25488
1933,NEMOCÓN,S,760,Municipio-Ciudad-ect,25486
1932,NARIÑO,S,760,Municipio-Ciudad-ect,25483
1931,MOSQUERA,S,760,Municipio-Ciudad-ect,25473
1930,MEDINA,S,760,Municipio-Ciudad-ect,25438
1929,MANTA,S,760,Municipio-Ciudad-ect,25436
1928,MADRID,S,760,Municipio-Ciudad-ect,25430
1927,MACHETÁ,S,760,Municipio-Ciudad-ect,25426
1926,LENGUAZAQUE,S,760,Municipio-Ciudad-ect,25407
1925,LA VEGA,S,760,Municipio-Ciudad-ect,25402
1924,LA PEÑA,S,760,Municipio-Ciudad-ect,25398
1923,LA PALMA,S,760,Municipio-Ciudad-ect,25394
1922,LA MESA,S,760,Municipio-Ciudad-ect,25386
1921,LA CALERA,S,760,Municipio-Ciudad-ect,25377
1920,JUNÍN,S,760,Municipio-Ciudad-ect,25372
1919,JERUSALÉN,S,760,Municipio-Ciudad-ect,25368
1918,GUTIÉRREZ,S,760,Municipio-Ciudad-ect,25339
1917,GUAYABETAL,S,760,Municipio-Ciudad-ect,25335
1916,GUAYABAL DE SÍQUIMA,S,760,Municipio-Ciudad-ect,25328
1915,GUATAVITA,S,760,Municipio-Ciudad-ect,25326
1914,GUATAQUÍ,S,760,Municipio-Ciudad-ect,25324
1913,GUASCA,S,760,Municipio-Ciudad-ect,25322
1912,GUADUAS,S,760,Municipio-Ciudad-ect,25320
1911,GUACHETÁ,S,760,Municipio-Ciudad-ect,25317
1910,GRANADA,S,760,Municipio-Ciudad-ect,25312
1909,GIRARDOT,S,760,Municipio-Ciudad-ect,25307
1908,GAMA,S,760,Municipio-Ciudad-ect,25299
1907,GACHETÁ,S,760,Municipio-Ciudad-ect,25297
1906,GACHANCIPÁ,S,760,Municipio-Ciudad-ect,25295
1905,GACHALÁ,S,760,Municipio-Ciudad-ect,25293
1904,FUSAGASUGÁ,S,760,Municipio-Ciudad-ect,25290
1903,FÚQUENE,S,760,Municipio-Ciudad-ect,25288
1902,FUNZA,S,760,Municipio-Ciudad-ect,25286
1901,FOSCA,S,760,Municipio-Ciudad-ect,25281
1900,FÓMEQUE,S,760,Municipio-Ciudad-ect,25279
1899,FACATATIVÁ,S,760,Municipio-Ciudad-ect,25269
1898,EL ROSAL,S,760,Municipio-Ciudad-ect,25260
1897,EL PEÑÓN,S,760,Municipio-Ciudad-ect,25258
1896,EL COLEGIO,S,760,Municipio-Ciudad-ect,25245
1895,CUCUNUBÁ,S,760,Municipio-Ciudad-ect,25224
1894,COTA,S,760,Municipio-Ciudad-ect,25214
1893,COGUA,S,760,Municipio-Ciudad-ect,25200
1892,CHOCONTÁ,S,760,Municipio-Ciudad-ect,25183
1891,CHOACHÍ,S,760,Municipio-Ciudad-ect,25181
1890,CHIPAQUE,S,760,Municipio-Ciudad-ect,25178
1889,CHÍA,S,760,Municipio-Ciudad-ect,25175
1888,CHAGUANÍ,S,760,Municipio-Ciudad-ect,25168
1887,CARMEN DE CARUPA,S,760,Municipio-Ciudad-ect,25154
1886,CÁQUEZA,S,760,Municipio-Ciudad-ect,25151
1885,CAPARRAPÍ,S,760,Municipio-Ciudad-ect,25148
1884,CAJICÁ,S,760,Municipio-Ciudad-ect,25126
1883,CACHIPAY,S,760,Municipio-Ciudad-ect,25123
1882,CABRERA,S,760,Municipio-Ciudad-ect,25120
1881,BOJACÁ,S,760,Municipio-Ciudad-ect,25099
1880,BITUIMA,S,760,Municipio-Ciudad-ect,25095
1879,BELTRÁN,S,760,Municipio-Ciudad-ect,25086
1878,ARBELÁEZ,S,760,Municipio-Ciudad-ect,25053
1877,ANOLAIMA,S,760,Municipio-Ciudad-ect,25040
1876,ANAPOIMA,S,760,Municipio-Ciudad-ect,25035
1875,ALBÁN,S,760,Municipio-Ciudad-ect,25019
1874,AGUA DE DIOS,S,760,Municipio-Ciudad-ect,25001
1873,VALENCIA,S,759,Municipio-Ciudad-ect,23855
1872,TIERRALTA,S,759,Municipio-Ciudad-ect,23807
1871,SAN PELAYO,S,759,Municipio-Ciudad-ect,23686
1870,SAN CARLOS,S,759,Municipio-Ciudad-ect,23678
1869,SAN BERNARDO DEL VIENTO,S,759,Municipio-Ciudad-ect,23675
1868,SAN ANTERO,S,759,Municipio-Ciudad-ect,23672
1867,SAN ANDRÉS DE SOTAVENTO,S,759,Municipio-Ciudad-ect,23670
1866,SAHAGÚN,S,759,Municipio-Ciudad-ect,23660
1865,PURÍSIMA DE LA CONCEPCIÓN,S,759,Municipio-Ciudad-ect,23586
1864,PUERTO LIBERTADOR,S,759,Municipio-Ciudad-ect,23580
1863,PUERTO ESCONDIDO,S,759,Municipio-Ciudad-ect,23574
1862,PUEBLO NUEVO,S,759,Municipio-Ciudad-ect,23570
1861,PLANETA RICA,S,759,Municipio-Ciudad-ect,23555
1860,MOÑITOS,S,759,Municipio-Ciudad-ect,23500
1859,MONTELÍBANO,S,759,Municipio-Ciudad-ect,23466
1858,MOMIL,S,759,Municipio-Ciudad-ect,23464
1857,LOS CÓRDOBAS,S,759,Municipio-Ciudad-ect,23419
1856,LORICA,S,759,Municipio-Ciudad-ect,23417
1855,LA APARTADA,S,759,Municipio-Ciudad-ect,23350
1854,COTORRA,S,759,Municipio-Ciudad-ect,23300
1853,CIÉNAGA DE ORO,S,759,Municipio-Ciudad-ect,23189
1852,CHINÚ,S,759,Municipio-Ciudad-ect,23182
1851,CHIMÁ,S,759,Municipio-Ciudad-ect,23168
1850,CERETÉ,S,759,Municipio-Ciudad-ect,23162
1849,CANALETE,S,759,Municipio-Ciudad-ect,23090
1848,BUENAVISTA,S,759,Municipio-Ciudad-ect,23079
1847,AYAPEL,S,759,Municipio-Ciudad-ect,23068
1846,MONTERÍA,S,759,Municipio-Ciudad-ect,23001
1845,TADÓ,S,758,Municipio-Ciudad-ect,27787
1844,SIPÍ,S,758,Municipio-Ciudad-ect,27745
1843,SAN JOSÉ DEL PALMAR,S,758,Municipio-Ciudad-ect,27660
1842,RIOSUCIO,S,758,Municipio-Ciudad-ect,27615
1841,NUQUÍ,S,758,Municipio-Ciudad-ect,27495
1840,NÓVITA,S,758,Municipio-Ciudad-ect,27491
1839,LLORÓ,S,758,Municipio-Ciudad-ect,27413
1838,JURADÓ,S,758,Municipio-Ciudad-ect,27372
1837,ISTMINA,S,758,Municipio-Ciudad-ect,27361
1836,EL LITORAL DEL SAN JUAN,S,758,Municipio-Ciudad-ect,27250
1835,EL CARMEN DE ATRATO,S,758,Municipio-Ciudad-ect,27245
1834,CONDOTO,S,758,Municipio-Ciudad-ect,27205
1833,EL CANTÓN DEL SAN PABLO,S,758,Municipio-Ciudad-ect,27135
1832,BOJAYÁ,S,758,Municipio-Ciudad-ect,27099
1831,BAJO BAUDÓ,S,758,Municipio-Ciudad-ect,27077
1830,BAHÍA SOLANO,S,758,Municipio-Ciudad-ect,27075
1829,BAGADÓ,S,758,Municipio-Ciudad-ect,27073
1828,ATRATO,S,758,Municipio-Ciudad-ect,27050
1827,ALTO BAUDÓ,S,758,Municipio-Ciudad-ect,27025
1826,ACANDÍ,S,758,Municipio-Ciudad-ect,27006
1825,QUIBDÓ,S,758,Municipio-Ciudad-ect,27001
1824,UNGUÍA,S,758,Municipio-Ciudad-ect,27800
1823,TAMALAMEQUE,S,757,Municipio-Ciudad-ect,20787
1822,SAN MARTÍN,S,757,Municipio-Ciudad-ect,20770
1821,SAN DIEGO,S,757,Municipio-Ciudad-ect,20750
1820,SAN ALBERTO,S,757,Municipio-Ciudad-ect,20710
1819,LA PAZ,S,757,Municipio-Ciudad-ect,20621
1818,RÍO DE ORO,S,757,Municipio-Ciudad-ect,20614
1817,PUEBLO BELLO,S,757,Municipio-Ciudad-ect,20570
1816,PELAYA,S,757,Municipio-Ciudad-ect,20550
1815,PAILITAS,S,757,Municipio-Ciudad-ect,20517
1814,MANAURE BALCÓN DEL CESAR,S,757,Municipio-Ciudad-ect,20443
1813,LA JAGUA DE IBIRICO,S,757,Municipio-Ciudad-ect,20400
1812,LA GLORIA,S,757,Municipio-Ciudad-ect,20383
1811,GONZÁLEZ,S,757,Municipio-Ciudad-ect,20310
1810,GAMARRA,S,757,Municipio-Ciudad-ect,20295
1809,EL PASO,S,757,Municipio-Ciudad-ect,20250
1808,EL COPEY,S,757,Municipio-Ciudad-ect,20238
1807,CURUMANÍ,S,757,Municipio-Ciudad-ect,20228
1806,CHIRIGUANÁ,S,757,Municipio-Ciudad-ect,20178
1805,CHIMICHAGUA,S,757,Municipio-Ciudad-ect,20175
1804,BOSCONIA,S,757,Municipio-Ciudad-ect,20060
1803,BECERRIL,S,757,Municipio-Ciudad-ect,20045
1802,ASTREA,S,757,Municipio-Ciudad-ect,20032
1801,AGUSTÍN CODAZZI,S,757,Municipio-Ciudad-ect,20013
1800,AGUACHICA,S,757,Municipio-Ciudad-ect,20011
1799,VALLEDUPAR,S,757,Municipio-Ciudad-ect,20001
1798,TOTORÓ,S,756,Municipio-Ciudad-ect,19824
1797,TORIBÍO,S,756,Municipio-Ciudad-ect,19821
1796,TIMBIQUÍ,S,756,Municipio-Ciudad-ect,19809
1795,TIMBÍO,S,756,Municipio-Ciudad-ect,19807
1794,SUÁREZ,S,756,Municipio-Ciudad-ect,19780
1793,SOTARA,S,756,Municipio-Ciudad-ect,19760
1792,SILVIA,S,756,Municipio-Ciudad-ect,19743
1791,SANTA ROSA,S,756,Municipio-Ciudad-ect,19701
1790,SANTANDER DE QUILICHAO,S,756,Municipio-Ciudad-ect,19698
1789,SAN SEBASTIÁN,S,756,Municipio-Ciudad-ect,19693
1788,ROSAS,S,756,Municipio-Ciudad-ect,19622
1787,PURACÉ,S,756,Municipio-Ciudad-ect,19585
1786,PUERTO TEJADA,S,756,Municipio-Ciudad-ect,19573
1785,PIENDAMÓ - TUNÍA,S,756,Municipio-Ciudad-ect,19548
1784,PIAMONTE,S,756,Municipio-Ciudad-ect,19533
1783,PATÍA,S,756,Municipio-Ciudad-ect,19532
1782,PÁEZ,S,756,Municipio-Ciudad-ect,19517
1781,PADILLA,S,756,Municipio-Ciudad-ect,19513
1780,MORALES,S,756,Municipio-Ciudad-ect,19473
1779,MIRANDA,S,756,Municipio-Ciudad-ect,19455
1778,MERCADERES,S,756,Municipio-Ciudad-ect,19450
1777,LÓPEZ DE MICAY,S,756,Municipio-Ciudad-ect,19418
1776,LA VEGA,S,756,Municipio-Ciudad-ect,19397
1775,LA SIERRA,S,756,Municipio-Ciudad-ect,19392
1774,JAMBALÓ,S,756,Municipio-Ciudad-ect,19364
1773,INZÁ,S,756,Municipio-Ciudad-ect,19355
1772,GUAPÍ,S,756,Municipio-Ciudad-ect,19318
1771,FLORENCIA,S,756,Municipio-Ciudad-ect,19290
1770,EL TAMBO,S,756,Municipio-Ciudad-ect,19256
1769,CORINTO,S,756,Municipio-Ciudad-ect,19212
1768,CALOTO,S,756,Municipio-Ciudad-ect,19142
1767,CALDONO,S,756,Municipio-Ciudad-ect,19137
1766,CAJIBÍO,S,756,Municipio-Ciudad-ect,19130
1765,BUENOS AIRES,S,756,Municipio-Ciudad-ect,19110
1764,BOLÍVAR,S,756,Municipio-Ciudad-ect,19100
1763,BALBOA,S,756,Municipio-Ciudad-ect,19075
1762,ARGELIA,S,756,Municipio-Ciudad-ect,19050
1761,ALMAGUER,S,756,Municipio-Ciudad-ect,19022
1760,POPAYÁN,S,756,Municipio-Ciudad-ect,19001
1759,VILLANUEVA,S,755,Municipio-Ciudad-ect,85440
1758,TRINIDAD,S,755,Municipio-Ciudad-ect,85430
1757,TAURAMENA,S,755,Municipio-Ciudad-ect,85410
1756,TÁMARA,S,755,Municipio-Ciudad-ect,85400
1755,SAN LUIS DE PALENQUE,S,755,Municipio-Ciudad-ect,85325
1754,SÁCAMA,S,755,Municipio-Ciudad-ect,85315
1753,SABANALARGA,S,755,Municipio-Ciudad-ect,85300
1752,RECETOR,S,755,Municipio-Ciudad-ect,85279
1751,PORE,S,755,Municipio-Ciudad-ect,85263
1750,PAZ DE ARIPORO,S,755,Municipio-Ciudad-ect,85250
1749,OROCUÉ,S,755,Municipio-Ciudad-ect,85230
1748,NUNCHÍA,S,755,Municipio-Ciudad-ect,85225
1747,MONTERREY,S,755,Municipio-Ciudad-ect,85162
1746,MANÍ,S,755,Municipio-Ciudad-ect,85139
1745,LA SALINA,S,755,Municipio-Ciudad-ect,85136
1744,HATO COROZAL,S,755,Municipio-Ciudad-ect,85125
1743,CHÁMEZA,S,755,Municipio-Ciudad-ect,85015
1742,AGUAZUL,S,755,Municipio-Ciudad-ect,85010
1741,YOPAL,S,755,Municipio-Ciudad-ect,85001
1740,VITERBO,S,754,Municipio-Ciudad-ect,17877
1739,VILLAMARÍA,S,754,Municipio-Ciudad-ect,17873
1738,VICTORIA,S,754,Municipio-Ciudad-ect,17867
1737,SUPÍA,S,754,Municipio-Ciudad-ect,17777
1736,SAN JOSÉ,S,754,Municipio-Ciudad-ect,17665
1735,SAMANÁ,S,754,Municipio-Ciudad-ect,17662
1734,SALAMINA,S,754,Municipio-Ciudad-ect,17653
1733,RISARALDA,S,754,Municipio-Ciudad-ect,17616
1732,RIOSUCIO,S,754,Municipio-Ciudad-ect,17614
1731,PENSILVANIA,S,754,Municipio-Ciudad-ect,17541
1730,PALESTINA,S,754,Municipio-Ciudad-ect,17524
1729,PÁCORA,S,754,Municipio-Ciudad-ect,17513
1728,NEIRA,S,754,Municipio-Ciudad-ect,17486
1727,MARULANDA,S,754,Municipio-Ciudad-ect,17446
1726,MARQUETALIA,S,754,Municipio-Ciudad-ect,17444
1725,MARMATO,S,754,Municipio-Ciudad-ect,17442
1724,MANZANARES,S,754,Municipio-Ciudad-ect,17433
1723,LA MERCED,S,754,Municipio-Ciudad-ect,17388
1722,LA DORADA,S,754,Municipio-Ciudad-ect,17380
1721,FILADELFIA,S,754,Municipio-Ciudad-ect,17272
1720,CHINCHINÁ,S,754,Municipio-Ciudad-ect,17174
1719,BELALCÁZAR,S,754,Municipio-Ciudad-ect,17088
1718,ARANZAZU,S,754,Municipio-Ciudad-ect,17050
1717,ANSERMA,S,754,Municipio-Ciudad-ect,17042
1716,AGUADAS,S,754,Municipio-Ciudad-ect,17013
1715,MANIZALES,S,754,Municipio-Ciudad-ect,17001
1714,ZETAQUIRA,S,753,Municipio-Ciudad-ect,15897
1713,VIRACACHÁ,S,753,Municipio-Ciudad-ect,15879
1712,VENTAQUEMADA,S,753,Municipio-Ciudad-ect,15861
1711,ÚMBITA,S,753,Municipio-Ciudad-ect,15842
1710,TUTAZÁ,S,753,Municipio-Ciudad-ect,15839
1709,TUTA,S,753,Municipio-Ciudad-ect,15837
1708,TURMEQUÉ,S,753,Municipio-Ciudad-ect,15835
1707,TUNUNGUÁ,S,753,Municipio-Ciudad-ect,15832
1706,TOTA,S,753,Municipio-Ciudad-ect,15822
1705,TÓPAGA,S,753,Municipio-Ciudad-ect,15820
1704,TOGÜÍ,S,753,Municipio-Ciudad-ect,15816
1703,TOCA,S,753,Municipio-Ciudad-ect,15814
1702,TIPACOQUE,S,753,Municipio-Ciudad-ect,15810
1701,TINJACÁ,S,753,Municipio-Ciudad-ect,15808
1700,TIBASOSA,S,753,Municipio-Ciudad-ect,15806
1699,TIBANÁ,S,753,Municipio-Ciudad-ect,15804
1698,TENZA,S,753,Municipio-Ciudad-ect,15798
1697,TASCO,S,753,Municipio-Ciudad-ect,15790
1696,SUTATENZA,S,753,Municipio-Ciudad-ect,15778
1695,SUTAMARCHÁN,S,753,Municipio-Ciudad-ect,15776
1694,SUSACÓN,S,753,Municipio-Ciudad-ect,15774
1693,SORACÁ,S,753,Municipio-Ciudad-ect,15764
1692,SOTAQUIRÁ,S,753,Municipio-Ciudad-ect,15763
1691,SORA,S,753,Municipio-Ciudad-ect,15762
1690,SOMONDOCO,S,753,Municipio-Ciudad-ect,15761
1689,SOGAMOSO,S,753,Municipio-Ciudad-ect,15759
1688,SOCHA,S,753,Municipio-Ciudad-ect,15757
1687,SOCOTÁ,S,753,Municipio-Ciudad-ect,15755
1686,SOATÁ,S,753,Municipio-Ciudad-ect,15753
1685,SIACHOQUE,S,753,Municipio-Ciudad-ect,15740
1684,SATIVASUR,S,753,Municipio-Ciudad-ect,15723
1683,SATIVANORTE,S,753,Municipio-Ciudad-ect,15720
1682,SANTA SOFÍA,S,753,Municipio-Ciudad-ect,15696
1681,SANTA ROSA DE VITERBO,S,753,Municipio-Ciudad-ect,15693
1680,SANTA MARÍA,S,753,Municipio-Ciudad-ect,15690
1679,SANTANA,S,753,Municipio-Ciudad-ect,15686
1678,SAN PABLO DE BORBUR,S,753,Municipio-Ciudad-ect,15681
1677,SAN MIGUEL DE SEMA,S,753,Municipio-Ciudad-ect,15676
1676,SAN MATEO,S,753,Municipio-Ciudad-ect,15673
1675,SAN LUIS DE GACENO,S,753,Municipio-Ciudad-ect,15667
1674,SAN JOSÉ DE PARE,S,753,Municipio-Ciudad-ect,15664
1673,SAN EDUARDO,S,753,Municipio-Ciudad-ect,15660
1672,SAMACÁ,S,753,Municipio-Ciudad-ect,15646
1671,SÁCHICA,S,753,Municipio-Ciudad-ect,15638
1670,SABOYÁ,S,753,Municipio-Ciudad-ect,15632
1669,RONDÓN,S,753,Municipio-Ciudad-ect,15621
1668,RÁQUIRA,S,753,Municipio-Ciudad-ect,15600
1667,RAMIRIQUÍ,S,753,Municipio-Ciudad-ect,15599
1666,QUÍPAMA,S,753,Municipio-Ciudad-ect,15580
1665,PUERTO BOYACÁ,S,753,Municipio-Ciudad-ect,15572
1664,PISBA,S,753,Municipio-Ciudad-ect,15550
1663,PESCA,S,753,Municipio-Ciudad-ect,15542
1662,PAZ DE RÍO,S,753,Municipio-Ciudad-ect,15537
1661,PAYA,S,753,Municipio-Ciudad-ect,15533
1660,PAUNA,S,753,Municipio-Ciudad-ect,15531
1659,PANQUEBA,S,753,Municipio-Ciudad-ect,15522
1658,PAJARITO,S,753,Municipio-Ciudad-ect,15518
1657,PAIPA,S,753,Municipio-Ciudad-ect,15516
1656,PÁEZ,S,753,Municipio-Ciudad-ect,15514
1655,PACHAVITA,S,753,Municipio-Ciudad-ect,15511
1654,OTANCHE,S,753,Municipio-Ciudad-ect,15507
1653,OICATÁ,S,753,Municipio-Ciudad-ect,15500
1652,NUEVO COLÓN,S,753,Municipio-Ciudad-ect,15494
1651,NOBSA,S,753,Municipio-Ciudad-ect,15491
1650,MUZO,S,753,Municipio-Ciudad-ect,15480
1649,MOTAVITA,S,753,Municipio-Ciudad-ect,15476
1648,MONIQUIRÁ,S,753,Municipio-Ciudad-ect,15469
1647,MONGUÍ,S,753,Municipio-Ciudad-ect,15466
1646,MONGUA,S,753,Municipio-Ciudad-ect,15464
1645,MIRAFLORES,S,753,Municipio-Ciudad-ect,15455
1644,MARIPÍ,S,753,Municipio-Ciudad-ect,15442
1643,MACANAL,S,753,Municipio-Ciudad-ect,15425
1642,VILLA DE LEYVA,S,753,Municipio-Ciudad-ect,15407
1641,LA UVITA,S,753,Municipio-Ciudad-ect,15403
1640,LA VICTORIA,S,753,Municipio-Ciudad-ect,15401
1639,LA CAPILLA,S,753,Municipio-Ciudad-ect,15380
1638,LABRANZAGRANDE,S,753,Municipio-Ciudad-ect,15377
1637,JERICÓ,S,753,Municipio-Ciudad-ect,15368
1636,JENESANO,S,753,Municipio-Ciudad-ect,15367
1635,IZA,S,753,Municipio-Ciudad-ect,15362
1634,GÜICÁN DE LA SIERRA,S,753,Municipio-Ciudad-ect,15332
1633,GUAYATÁ,S,753,Municipio-Ciudad-ect,15325
1632,GUATEQUE,S,753,Municipio-Ciudad-ect,15322
1631,GUACAMAYAS,S,753,Municipio-Ciudad-ect,15317
1630,GARAGOA,S,753,Municipio-Ciudad-ect,15299
1629,GÁMEZA,S,753,Municipio-Ciudad-ect,15296
1628,GACHANTIVÁ,S,753,Municipio-Ciudad-ect,15293
1627,FLORESTA,S,753,Municipio-Ciudad-ect,15276
1626,FIRAVITOBA,S,753,Municipio-Ciudad-ect,15272
1625,EL ESPINO,S,753,Municipio-Ciudad-ect,15248
1624,EL COCUY,S,753,Municipio-Ciudad-ect,15244
1623,DUITAMA,S,753,Municipio-Ciudad-ect,15238
1622,CHIVOR,S,753,Municipio-Ciudad-ect,15236
1621,CHÍQUIZA,S,753,Municipio-Ciudad-ect,15232
1620,CUÍTIVA,S,753,Municipio-Ciudad-ect,15226
1619,CUCAITA,S,753,Municipio-Ciudad-ect,15224
1618,CUBARÁ,S,753,Municipio-Ciudad-ect,15223
1617,COVARACHÍA,S,753,Municipio-Ciudad-ect,15218
1616,CORRALES,S,753,Municipio-Ciudad-ect,15215
1615,COPER,S,753,Municipio-Ciudad-ect,15212
1614,CÓMBITA,S,753,Municipio-Ciudad-ect,15204
1613,CIÉNEGA,S,753,Municipio-Ciudad-ect,15189
1612,CHIVATÁ,S,753,Municipio-Ciudad-ect,15187
1611,CHITARAQUE,S,753,Municipio-Ciudad-ect,15185
1610,CHITA,S,753,Municipio-Ciudad-ect,15183
1609,CHISCAS,S,753,Municipio-Ciudad-ect,15180
1608,CHIQUINQUIRÁ,S,753,Municipio-Ciudad-ect,15176
1607,CHINAVITA,S,753,Municipio-Ciudad-ect,15172
1606,CERINZA,S,753,Municipio-Ciudad-ect,15162
1605,CAMPOHERMOSO,S,753,Municipio-Ciudad-ect,15135
1604,CALDAS,S,753,Municipio-Ciudad-ect,15131
1603,BUSBANZÁ,S,753,Municipio-Ciudad-ect,15114
1602,BUENAVISTA,S,753,Municipio-Ciudad-ect,15109
1601,BRICEÑO,S,753,Municipio-Ciudad-ect,15106
1600,BOYACÁ,S,753,Municipio-Ciudad-ect,15104
1599,BOAVITA,S,753,Municipio-Ciudad-ect,15097
1598,BETÉITIVA,S,753,Municipio-Ciudad-ect,15092
1597,BERBEO,S,753,Municipio-Ciudad-ect,15090
1596,BELÉN,S,753,Municipio-Ciudad-ect,15087
1595,ARCABUCO,S,753,Municipio-Ciudad-ect,15051
1594,AQUITANIA,S,753,Municipio-Ciudad-ect,15047
1593,ALMEIDA,S,753,Municipio-Ciudad-ect,15022
1592,TUNJA,S,753,Municipio-Ciudad-ect,15001
1591,ZAMBRANO,S,752,Municipio-Ciudad-ect,13894
1590,VILLANUEVA,S,752,Municipio-Ciudad-ect,13873
1589,TURBANÁ,S,752,Municipio-Ciudad-ect,13838
1588,TURBACO,S,752,Municipio-Ciudad-ect,13836
1587,TIQUISIO,S,752,Municipio-Ciudad-ect,13810
1586,TALAIGUA NUEVO,S,752,Municipio-Ciudad-ect,13780
1585,SOPLAVIENTO,S,752,Municipio-Ciudad-ect,13760
1584,SIMITÍ,S,752,Municipio-Ciudad-ect,13744
1583,SANTA ROSA DEL SUR,S,752,Municipio-Ciudad-ect,13688
1582,SANTA ROSA,S,752,Municipio-Ciudad-ect,13683
1581,SANTA CATALINA,S,752,Municipio-Ciudad-ect,13673
1580,SAN PABLO,S,752,Municipio-Ciudad-ect,13670
1579,SAN MARTÍN DE LOBA,S,752,Municipio-Ciudad-ect,13667
1578,SAN JUAN NEPOMUCENO,S,752,Municipio-Ciudad-ect,13657
1577,SAN JACINTO DEL CAUCA,S,752,Municipio-Ciudad-ect,13655
1576,SAN JACINTO,S,752,Municipio-Ciudad-ect,13654
1575,SAN FERNANDO,S,752,Municipio-Ciudad-ect,13650
1574,SAN ESTANISLAO,S,752,Municipio-Ciudad-ect,13647
1573,SAN CRISTÓBAL,S,752,Municipio-Ciudad-ect,13620
1572,RÍO VIEJO,S,752,Municipio-Ciudad-ect,13600
1571,REGIDOR,S,752,Municipio-Ciudad-ect,13580
1570,PINILLOS,S,752,Municipio-Ciudad-ect,13549
1569,MORALES,S,752,Municipio-Ciudad-ect,13473
1568,MOMPÓS,S,752,Municipio-Ciudad-ect,13468
1567,MONTECRISTO,S,752,Municipio-Ciudad-ect,13458
1566,MARÍA LA BAJA,S,752,Municipio-Ciudad-ect,13442
1565,MARGARITA,S,752,Municipio-Ciudad-ect,13440
1564,MAHATES,S,752,Municipio-Ciudad-ect,13433
1563,MAGANGUÉ,S,752,Municipio-Ciudad-ect,13430
1562,HATILLO DE LOBA,S,752,Municipio-Ciudad-ect,13300
1561,EL PEÑÓN,S,752,Municipio-Ciudad-ect,13268
1560,EL GUAMO,S,752,Municipio-Ciudad-ect,13248
1559,EL CARMEN DE BOLÍVAR,S,752,Municipio-Ciudad-ect,13244
1558,CLEMENCIA,S,752,Municipio-Ciudad-ect,13222
1557,CÓRDOBA,S,752,Municipio-Ciudad-ect,13212
1556,CICUCO,S,752,Municipio-Ciudad-ect,13188
1555,CANTAGALLO,S,752,Municipio-Ciudad-ect,13160
1554,CALAMAR,S,752,Municipio-Ciudad-ect,13140
1553,BARRANCO DE LOBA,S,752,Municipio-Ciudad-ect,13074
1552,ARROYOHONDO,S,752,Municipio-Ciudad-ect,13062
1551,ARJONA,S,752,Municipio-Ciudad-ect,13052
1550,ARENAL,S,752,Municipio-Ciudad-ect,13042
1549,ALTOS DEL ROSARIO,S,752,Municipio-Ciudad-ect,13030
1548,ACHÍ,S,752,Municipio-Ciudad-ect,13006
1547,CARTAGENA DE INDIAS,S,752,Municipio-Ciudad-ect,13001
1546,USIACURÍ,S,751,Municipio-Ciudad-ect,8849
1545,TUBARÁ,S,751,Municipio-Ciudad-ect,8832
1544,SUAN,S,751,Municipio-Ciudad-ect,8770
1543,SOLEDAD,S,751,Municipio-Ciudad-ect,8758
1542,SANTO TOMÁS,S,751,Municipio-Ciudad-ect,8685
1541,SANTA LUCÍA,S,751,Municipio-Ciudad-ect,8675
1540,SABANALARGA,S,751,Municipio-Ciudad-ect,8638
1539,SABANAGRANDE,S,751,Municipio-Ciudad-ect,8634
1538,REPELÓN,S,751,Municipio-Ciudad-ect,8606
1537,PUERTO COLOMBIA,S,751,Municipio-Ciudad-ect,8573
1536,PONEDERA,S,751,Municipio-Ciudad-ect,8560
1535,POLONUEVO,S,751,Municipio-Ciudad-ect,8558
1534,PIOJÓ,S,751,Municipio-Ciudad-ect,8549
1533,PALMAR DE VARELA,S,751,Municipio-Ciudad-ect,8520
1532,MANATÍ,S,751,Municipio-Ciudad-ect,8436
1531,MALAMBO,S,751,Municipio-Ciudad-ect,8433
1530,LURUACO,S,751,Municipio-Ciudad-ect,8421
1529,JUAN DE ACOSTA,S,751,Municipio-Ciudad-ect,8372
1528,GALAPA,S,751,Municipio-Ciudad-ect,8296
1527,CANDELARIA,S,751,Municipio-Ciudad-ect,8141
1526,CAMPO DE LA CRUZ,S,751,Municipio-Ciudad-ect,8137
1525,BARANOA,S,751,Municipio-Ciudad-ect,8078
1524,BARRANQUILLA,S,751,Municipio-Ciudad-ect,8001
1523,TAME,S,750,Municipio-Ciudad-ect,81794
1522,SARAVENA,S,750,Municipio-Ciudad-ect,81736
1520,FORTUL,S,750,Municipio-Ciudad-ect,81300
1519,CRAVO NORTE,S,750,Municipio-Ciudad-ect,81220
1518,ARAUQUITA,S,750,Municipio-Ciudad-ect,81065
1517,ARAUCA,S,750,Municipio-Ciudad-ect,81001
1516,ZARAGOZA,S,749,Municipio-Ciudad-ect,5895
1515,YONDÓ,S,749,Municipio-Ciudad-ect,5893
1514,YOLOMBÓ,S,749,Municipio-Ciudad-ect,5890
1513,YARUMAL,S,749,Municipio-Ciudad-ect,5887
1512,YALÍ,S,749,Municipio-Ciudad-ect,5885
1511,VIGÍA DEL FUERTE,S,749,Municipio-Ciudad-ect,5873
1510,VENECIA,S,749,Municipio-Ciudad-ect,5861
1509,VEGACHÍ,S,749,Municipio-Ciudad-ect,5858
1508,VALPARAÍSO,S,749,Municipio-Ciudad-ect,5856
1507,VALDIVIA,S,749,Municipio-Ciudad-ect,5854
1506,URRAO,S,749,Municipio-Ciudad-ect,5847
1505,URAMITA,S,749,Municipio-Ciudad-ect,5842
1504,TURBO,S,749,Municipio-Ciudad-ect,5837
1503,TOLEDO,S,749,Municipio-Ciudad-ect,5819
1502,TITIRIBÍ,S,749,Municipio-Ciudad-ect,5809
1501,TARSO,S,749,Municipio-Ciudad-ect,5792
1500,TARAZÁ,S,749,Municipio-Ciudad-ect,5790
1499,TÁMESIS,S,749,Municipio-Ciudad-ect,5789
1498,SOPETRÁN,S,749,Municipio-Ciudad-ect,5761
1497,SONSÓN,S,749,Municipio-Ciudad-ect,5756
1496,SEGOVIA,S,749,Municipio-Ciudad-ect,5736
1495,EL SANTUARIO,S,749,Municipio-Ciudad-ect,5697
1494,SANTO DOMINGO,S,749,Municipio-Ciudad-ect,5690
1493,SANTA ROSA DE OSOS,S,749,Municipio-Ciudad-ect,5686
1492,SANTA BÁRBARA,S,749,Municipio-Ciudad-ect,5679
1491,SAN VICENTE FERRER,S,749,Municipio-Ciudad-ect,5674
1490,SAN ROQUE,S,749,Municipio-Ciudad-ect,5670
1489,SAN RAFAEL,S,749,Municipio-Ciudad-ect,5667
1488,SAN PEDRO DE URABÁ,S,749,Municipio-Ciudad-ect,5665
1487,SAN PEDRO DE LOS MILAGROS,S,749,Municipio-Ciudad-ect,5664
1486,SAN LUIS,S,749,Municipio-Ciudad-ect,5660
1485,SAN JUAN DE URABÁ,S,749,Municipio-Ciudad-ect,5659
1484,SAN JOSÉ DE LA MONTAÑA,S,749,Municipio-Ciudad-ect,5658
1483,SAN JERÓNIMO,S,749,Municipio-Ciudad-ect,5656
1482,SAN FRANCISCO,S,749,Municipio-Ciudad-ect,5652
1481,SAN CARLOS,S,749,Municipio-Ciudad-ect,5649
1480,SAN ANDRÉS DE CUERQUÍA,S,749,Municipio-Ciudad-ect,5647
1479,SALGAR,S,749,Municipio-Ciudad-ect,5642
1478,SABANETA,S,749,Municipio-Ciudad-ect,5631
1477,SABANALARGA,S,749,Municipio-Ciudad-ect,5628
1476,RIONEGRO,S,749,Municipio-Ciudad-ect,5615
1475,RETIRO,S,749,Municipio-Ciudad-ect,5607
1474,REMEDIOS,S,749,Municipio-Ciudad-ect,5604
1473,PUERTO TRIUNFO,S,749,Municipio-Ciudad-ect,5591
1472,PUERTO NARE,S,749,Municipio-Ciudad-ect,5585
1471,PUERTO BERRÍO,S,749,Municipio-Ciudad-ect,5579
1470,PUEBLORRICO,S,749,Municipio-Ciudad-ect,5576
1469,PEQUE,S,749,Municipio-Ciudad-ect,5543
1468,PEÑOL,S,749,Municipio-Ciudad-ect,5541
1467,OLAYA,S,749,Municipio-Ciudad-ect,5501
1466,NECHÍ,S,749,Municipio-Ciudad-ect,5495
1465,NECOCLÍ,S,749,Municipio-Ciudad-ect,5490
1464,NARIÑO,S,749,Municipio-Ciudad-ect,5483
1463,MUTATÁ,S,749,Municipio-Ciudad-ect,5480
1462,MURINDÓ,S,749,Municipio-Ciudad-ect,5475
1461,MONTEBELLO,S,749,Municipio-Ciudad-ect,5467
1460,MARINILLA,S,749,Municipio-Ciudad-ect,5440
1459,MACEO,S,749,Municipio-Ciudad-ect,5425
1458,LIBORINA,S,749,Municipio-Ciudad-ect,5411
1457,LA UNIÓN,S,749,Municipio-Ciudad-ect,5400
1456,LA PINTADA,S,749,Municipio-Ciudad-ect,5390
1455,LA ESTRELLA,S,749,Municipio-Ciudad-ect,5380
1454,LA CEJA,S,749,Municipio-Ciudad-ect,5376
1453,JERICÓ,S,749,Municipio-Ciudad-ect,5368
1452,JARDÍN,S,749,Municipio-Ciudad-ect,5364
1451,ITUANGO,S,749,Municipio-Ciudad-ect,5361
1450,ITAGÜÍ,S,749,Municipio-Ciudad-ect,5360
1449,HISPANIA,S,749,Municipio-Ciudad-ect,5353
1448,HELICONIA,S,749,Municipio-Ciudad-ect,5347
1447,GUATAPÉ,S,749,Municipio-Ciudad-ect,5321
1446,GUARNE,S,749,Municipio-Ciudad-ect,5318
1445,GUADALUPE,S,749,Municipio-Ciudad-ect,5315
1444,GRANADA,S,749,Municipio-Ciudad-ect,5313
1443,GÓMEZ PLATA,S,749,Municipio-Ciudad-ect,5310
1442,GIRARDOTA,S,749,Municipio-Ciudad-ect,5308
1441,GIRALDO,S,749,Municipio-Ciudad-ect,5306
1440,FRONTINO,S,749,Municipio-Ciudad-ect,5284
1439,FREDONIA,S,749,Municipio-Ciudad-ect,5282
1438,ENVIGADO,S,749,Municipio-Ciudad-ect,5266
1437,ENTRERRÍOS,S,749,Municipio-Ciudad-ect,5264
1436,EL BAGRE,S,749,Municipio-Ciudad-ect,5250
1435,EBÉJICO,S,749,Municipio-Ciudad-ect,5240
1434,DONMATÍAS,S,749,Municipio-Ciudad-ect,5237
1433,DABEIBA,S,749,Municipio-Ciudad-ect,5234
1432,COPACABANA,S,749,Municipio-Ciudad-ect,5212
1431,CONCORDIA,S,749,Municipio-Ciudad-ect,5209
1430,CONCEPCIÓN,S,749,Municipio-Ciudad-ect,5206
1429,COCORNÁ,S,749,Municipio-Ciudad-ect,5197
1428,CISNEROS,S,749,Municipio-Ciudad-ect,5190
1427,CHIGORODÓ,S,749,Municipio-Ciudad-ect,5172
1426,CAUCASIA,S,749,Municipio-Ciudad-ect,5154
1425,CAROLINA,S,749,Municipio-Ciudad-ect,5150
1424,EL CARMEN DE VIBORAL,S,749,Municipio-Ciudad-ect,5148
1423,CAREPA,S,749,Municipio-Ciudad-ect,5147
1422,CARAMANTA,S,749,Municipio-Ciudad-ect,5145
1421,CARACOLÍ,S,749,Municipio-Ciudad-ect,5142
1420,CAÑASGORDAS,S,749,Municipio-Ciudad-ect,5138
1419,CAMPAMENTO,S,749,Municipio-Ciudad-ect,5134
1418,CALDAS,S,749,Municipio-Ciudad-ect,5129
1417,CAICEDO,S,749,Municipio-Ciudad-ect,5125
1416,CÁCERES,S,749,Municipio-Ciudad-ect,5120
1415,BURITICÁ,S,749,Municipio-Ciudad-ect,5113
1414,BRICEÑO,S,749,Municipio-Ciudad-ect,5107
1413,CIUDAD BOLÍVAR,S,749,Municipio-Ciudad-ect,5101
1412,BETULIA,S,749,Municipio-Ciudad-ect,5093
1411,BETANIA,S,749,Municipio-Ciudad-ect,5091
1410,BELLO,S,749,Municipio-Ciudad-ect,5088
1409,BELMIRA,S,749,Municipio-Ciudad-ect,5086
1408,BARBOSA,S,749,Municipio-Ciudad-ect,5079
1407,ARMENIA,S,749,Municipio-Ciudad-ect,5059
1406,ARGELIA,S,749,Municipio-Ciudad-ect,5055
1405,ARBOLETES,S,749,Municipio-Ciudad-ect,5051
1404,APARTADÓ,S,749,Municipio-Ciudad-ect,5045
1403,ANZÁ,S,749,Municipio-Ciudad-ect,5044
1402,SANTA FÉ DE ANTIOQUIA,S,749,Municipio-Ciudad-ect,5042
1401,ANORÍ,S,749,Municipio-Ciudad-ect,5040
1400,ANGOSTURA,S,749,Municipio-Ciudad-ect,5038
1399,ANGELÓPOLIS,S,749,Municipio-Ciudad-ect,5036
1398,ANDES,S,749,Municipio-Ciudad-ect,5034
1397,AMALFI,S,749,Municipio-Ciudad-ect,5031
1396,AMAGÁ,S,749,Municipio-Ciudad-ect,5030
1395,ALEJANDRÍA,S,749,Municipio-Ciudad-ect,5021
1394,ABRIAQUÍ,S,749,Municipio-Ciudad-ect,5004
1393,ABEJORRAL,S,749,Municipio-Ciudad-ect,5002
1392,MEDELLÍN,S,749,Municipio-Ciudad-ect,5001
1391,LETICIA,S,748,Municipio-Ciudad-ect,91001
1390,PUERTO NARIÑO,S,748,Municipio-Ciudad-ect,91540
1389,BOGOTÁ D.C.,S,747,Municipio-Ciudad-ect,11001
779,VICHADA,S,2,Departamento-Estado-etc,99
778,VAUPÉS,S,2,Departamento-Estado-etc,97
777,QUINDíO,S,2,Departamento-Estado-etc,63
776,META,S,2,Departamento-Estado-etc,50
775,GUAVIARE,S,2,Departamento-Estado-etc,95
774,GUAINÍA,S,2,Departamento-Estado-etc,94
773,CAQUETÁ,S,2,Departamento-Estado-etc,18
772,VALLE DEL CAUCA,S,2,Departamento-Estado-etc,76
771,TOLIMA,S,2,Departamento-Estado-etc,73
770,SUCRE,S,2,Departamento-Estado-etc,70
769,SANTANDER,S,2,Departamento-Estado-etc,68
768,"ARCHIPIÉLAGO DE SAN ANDRÉS, PROVIDENCIA Y SANTA CATALINA",S,2,Departamento-Estado-etc,88
767,RISARALDA,S,2,Departamento-Estado-etc,66
766,PUTUMAYO,S,2,Departamento-Estado-etc,86
765,NORTE DE SANTANDER,S,2,Departamento-Estado-etc,54
764,NARIÑO,S,2,Departamento-Estado-etc,52
763,MAGDALENA,S,2,Departamento-Estado-etc,47
762,LA GUAJIRA,S,2,Departamento-Estado-etc,44
761,HUILA,S,2,Departamento-Estado-etc,41
760,CUNDINAMARCA,S,2,Departamento-Estado-etc,25
759,CÓRDOBA,S,2,Departamento-Estado-etc,23
758,CHOCÓ,S,2,Departamento-Estado-etc,27
757,CESAR,S,2,Departamento-Estado-etc,20
756,CAUCA,S,2,Departamento-Estado-etc,19
755,CASANARE,S,2,Departamento-Estado-etc,85
754,CALDAS,S,2,Departamento-Estado-etc,17
753,BOYACÁ,S,2,Departamento-Estado-etc,15
752,BOLÍVAR,S,2,Departamento-Estado-etc,13
751,ATLÁNTICO,S,2,Departamento-Estado-etc,8
750,ARAUCA,S,2,Departamento-Estado-etc,81
749,ANTIOQUIA,S,2,Departamento-Estado-etc,5
748,AMAZONAS,S,2,Departamento-Estado-etc,91
747,"BOGOTÁ, D.C.",S,2,Departamento-Estado-etc,11
2,COLOMBIA,S,1,País,170
